ts,pid,etime,cpu_pct,rss_kb,state,top_cpu,top_mem,top_time,top_state
2026-02-19 00:25:03,83504,00:00,0.0,608,RN,271T,vsize,,5361M,framework
2026-02-19 00:25:09,83504,00:06,95.7,581808,RN,271T,vsize,,5361M,framework
2026-02-19 00:25:14,83504,00:11,98.7,1447904,RN,271T,vsize,,17G,framework
2026-02-19 00:25:20,83504,00:17,99.5,1594336,RN,270T,vsize,,5361M,framework
2026-02-19 00:25:25,83504,00:22,99.4,1547920,RN,270T,vsize,,5361M,framework
2026-02-19 00:25:31,83504,00:28,19.2,2106400,SN,272T,vsize,,5361M,framework
2026-02-19 00:25:36,83504,00:33,0.0,2106400,SN,272T,vsize,,5361M,framework
2026-02-19 00:25:41,83504,00:38,0.0,2106400,SN,272T,vsize,,5361M,framework
2026-02-19 00:25:47,83504,00:44,0.0,1885520,SN,272T,vsize,,5361M,framework
2026-02-19 00:25:52,83504,00:49,0.0,1885520,SN,270T,vsize,,5361M,framework
2026-02-19 00:25:58,83504,00:55,0.0,1475904,SN,269T,vsize,,5361M,framework
2026-02-19 00:26:03,83504,01:00,0.0,1475904,SN,269T,vsize,,5361M,framework
2026-02-19 00:26:08,83504,01:05,0.0,1475904,SN,269T,vsize,,5361M,framework
2026-02-19 00:26:14,83504,01:11,0.0,1475904,SN,266T,vsize,,17G,framework
2026-02-19 00:26:19,83504,01:16,0.1,1475904,SN,266T,vsize,,5361M,framework
2026-02-19 00:26:25,83504,01:22,0.0,1475904,SN,266T,vsize,,5361M,framework
2026-02-19 00:26:30,83504,01:27,0.0,1475904,SN,266T,vsize,,17G,framework
2026-02-19 00:26:35,83504,01:32,0.0,1475904,SN,266T,vsize,,5361M,framework
2026-02-19 00:26:41,83504,01:38,0.0,1475904,SN,266T,vsize,,5361M,framework
2026-02-19 00:26:46,83504,01:43,0.0,1475904,SN,266T,vsize,,5361M,framework
2026-02-19 00:26:52,83504,01:49,0.0,1475904,SN,266T,vsize,,5361M,framework
2026-02-19 00:26:57,83504,01:54,0.0,1475904,SN,266T,vsize,,5361M,framework
2026-02-19 00:27:02,83504,01:59,0.0,1475904,SN,266T,vsize,,5361M,framework
2026-02-19 00:27:08,83504,02:05,0.0,1475904,SN,266T,vsize,,5361M,framework
2026-02-19 00:27:13,83504,02:10,0.0,1475904,SN,266T,vsize,,17G,framework
2026-02-19 00:27:19,83504,02:16,0.0,1475904,SN,267T,vsize,,17G,framework
2026-02-19 00:27:24,83504,02:21,0.0,1475904,SN,267T,vsize,,5361M,framework
2026-02-19 00:27:29,83504,02:27,0.0,1475904,SN,267T,vsize,,5361M,framework
2026-02-19 00:27:35,83504,02:32,0.0,1475904,SN,267T,vsize,,5361M,framework
2026-02-19 00:27:40,83504,02:37,0.0,1475904,SN,267T,vsize,,5361M,framework
2026-02-19 00:27:46,83504,02:43,0.0,1475904,SN,266T,vsize,,5361M,framework
2026-02-19 00:27:51,83504,02:48,0.0,1475904,SN,268T,vsize,,5361M,framework
2026-02-19 00:27:56,83504,02:53,0.0,1475904,SN,268T,vsize,,17G,framework
2026-02-19 00:28:02,83504,02:59,0.0,1475856,SN,271T,vsize,,17G,framework
2026-02-19 00:28:08,83504,03:05,0.1,1103040,SN,276T,vsize,,5361M,framework
2026-02-19 00:28:14,83504,03:11,0.0,1103040,SN,269T,vsize,,5361M,framework
2026-02-19 00:28:19,83504,03:16,0.0,1103040,SN,269T,vsize,,17G,framework
2026-02-19 00:28:24,83504,03:21,0.0,1103040,SN,269T,vsize,,17G,framework
2026-02-19 00:28:30,83504,03:27,0.0,1103040,SN,269T,vsize,,5361M,framework
2026-02-19 00:28:35,83504,03:32,0.0,1103040,SN,270T,vsize,,5361M,framework
2026-02-19 00:28:41,83504,03:38,0.0,1103056,SN,263T,vsize,,5361M,framework
